{
  "수강신청": "수강신청방법\r\n1. 수강신청기간에 학생포털 접속\r\n2. 수강신청페이지 클릭\r\n3. 로그인\r\n4. 수강신청 과목조회-수강신청\r\n5. 수강신청",
  "수강": "수강신청방법\r\n1. 수강신청기간에 학생포털 접속\r\n2. 수강신청페이지 클릭\r\n3. 로그인\r\n4. 수강신청 과목조회-수강신청\r\n5. 수강신청",
  "원격수업": "대면 및 비대면, 등교 안내: 학사공지\nhttps://www.daelim.ac.kr/cms/FrCon/index.do?MENU_ID=900#;",
  "원격": "대면 및 비대면, 등교 안내: 학사공지\nhttps://www.daelim.ac.kr/cms/FrCon/index.do?MENU_ID=900#;",
  "전자출결": "전자출결 하는법\r\n1. '스마트캠퍼스' 앱 다운로드\r\n2. 로그인\r\n3. 전자출결 아이콘 클릭\r\n4. 출석체크 아이콘 클릭\r\n5. 위치정보와 블루투스 기능을 켜고 출석체크 버튼 클릭",
  "출결조회방법": "출결조회방법\n1. '스마트캠퍼스' 앱 로그인\n2. 전자출결 아이콘 클릭\n3. 출결조회 아이콘 클릭\n4. 원하는 학기와 과목명을 드롭다운 버튼에서 선택하면 조회 완료",
  "출결": "전자출결 하는법\r\n1. '스마트캠퍼스' 앱 다운로드\r\n2. 로그인\r\n3. 전자출결 아이콘 클릭\r\n4. 출석체크 아이콘 클릭\r\n5. 위치정보와 블루투스 기능을 켜고 출석체크 버튼 클릭\n출결조회방법\n1. '스마트캠퍼스' 앱 로그인\n2. 전자출결 아이콘 클릭\n3. 출결조회 아이콘 클릭\n4. 원하는 학기와 과목명을 드롭다운 버튼에서 선택하면 조회 완료",
  "등록금" : "등록금 내는 법\n1. 등록금 고지서에서 납부 금액과 납부할 계좌 확인\n2. 납부기한 내에 헤당 계좌로 입금\n\n등록금 고지서 보는 법\n학생포털-학생이력-학생-등록-고지서 출력(학생용)",
  "로그인" : "(재학생) 학번/비밀번호\n(신입생) : 수험번호",
  "학생회비 ": "학생회비: 과 MT 등 학과 활동을 위해 쓰이는 돈. 납입필수 아님",
  "학생경비" : "학생경비: 학교 축제나 행사를 위해 쓰이는 돈. 납입필수 아님",
  "성적조회" : "성적조회방법: 학생포털-학생이력-학생-평생(취업)지도교수 학생만족도조사–상담평가 입력-금학기성적조회",
  "성적" : "성적조회방법: 학생포털-학생이력-학생-평생(취업)지도교수 학생만족도조사–상담평가 입력-금학기성적조회",
  "강의평가" : "강의평가방법: 학생포털-학생이력-학생-수업-강의평가등록",
  "자가진단평가": "자가진단평가방법: 학생포털–학생이력–학생–학생 사전•사후 자가진단",
  "자가진단평가방법":"자가진단평가방법: 학생포털–학생이력–학생–학생 사전•사후 자가진단",
  "빅포레스트":"빅포레스트: 온라인 강의실. 비대면 강의 시 강의자료 업로드 및 수행평가•시험 공간으로도 사용됨\n접속 방법: 학생포털 상단 4번째의 BigFOREST 아이콘 클릭\n\n이용 방법\n1. 강의 관련\n1.1 현재 수강중인 강의: 빅포레스트-교육과정-진행\n1.2. 대기중인 강의: 빅포레스트-교육과정-대기\n1.3. 수강 완료한 강의: 빅포레스트-교육과정-종료",
  "도서관":"대출\n-교직원: 최대 30권을 90일 동안 대출 가능. 대출 연장 횟수 1회(30일 연장)\n-학생: 최대 5권을 15일 동안 대출 가능. 대출 연장 횟수 1회(4일 연장)\n-외부인: 최대 3권을 14일 동안 대출 가능. 대출 연장 횟수 1회(4일 연장)\n\n반납\n수암도서관 또는 수암관 1층 도서무인반납기에 반납\n\n연체\n연체시 연체일수만큼 도서대출 불가\n\n이벤트\n경품 이벤트, 시험기간 야간 개방 및 간식 제공 등\n\n그룹스터디실\n-수암관 3층 \n-예약제: '도서관 홈페이지-도서관서비스-그룹스터디 예약'을 통해 예약 가능\n -1일 이용시간 최대 3시간. 1회 연장 가능(1시간 연장)\n-입실 시 신분증을 제출하고 퇴실 시 돌려받는다\n\n여는 시간\n수암관 3층: 09:00~21:00\n수암관 4층 종합자료실: 09:00~21:00\n수암관 4층 다목적열람실: 08:00~23:00",
  "서점":"판매하는 책: 강의교재\n서점 위치: 생활관 1층",
  "셔틀버스":"학교 버스 노선도\n1. 학교 -\u003e 안양역/범계역\n2. 안양역/범계역 -\u003e 학교\n\n셔틀버스 요금: 무료\n\n학교에서 셔틀버스 타는법\n1. 도착지가 안양역/범계역인 버스\n학교 아래 경비실 옆의 셔틀버스 정류장에서 버스의 목적지가 어디인지 확인 후 원하는 버스 탑승\n2. 출발지가 안양역/범계역인 버스\n(1)안양역에서 출발해 학교로 가는 버스: 안양역 2번출구의 에스컬레이터를 타고 내려와 직진 후 신호에 맞춰 건너 사람들이 줄서있는곳에서 탑승\n(2)범계역에서 출발해 학교로 가는 버스: 귀금속평촌타운 옆 서브웨이 앞에서 탑승\n\n휴무일 및 운영시간, 배차간격\n1. 휴무일: 정규 수업이 없는 날(주말, 계절학기 등)",
  "학생회":"1. 학생회\n하는 일: 학생들의 즐거운 학교생활에 도움을 줄 목적으로 여러 활동을 기획 및 진행\n혜택: 학생회임원은 수업료의 30% 지급\n1.1\n과학생회\n하는 일: 학생들의 학교생활에 도움을 줄 목적으로 학교 및 학과 활동을 기획하고 진행\n혜택: 학회장 수업료 50% 감면, 지급 / 학과학생회임원(기획, 총무) 수업료의 10% 지급\n1.2\n총학생회\n하는 일: 회칙의 제정 및 개정, 자치기구장의 선거, 각종 행사(축제, 체육대회, 신입생환영회, 오리엔테이션 등) 개최 등\n단, 총학생회가 결성되지 않은 경우 대의원회에서 총학생회의 업무를 대신 맡아 진행한다.\n혜택: 총학생회장 수업료 전액 감면",
  "대의원회":"대의원회: 본회의 최고의결 기구로서 각 학부 학과의 학회장들이 모여 결성된 기구\n하는 일: 학생총회 이하 각 기구들에 의한 사업 및 예산을 심의하여 감사를 하며 학생 자치적인 의견 수렴과 대학의 자주화, 긍정적인 대학의 발전에 이바지함을 목적으로 한다.\n혜택: 대의원의장 수업료 전액 감면",
  "학생식당":"학생식당: 식사를 해결할 수 있는 공간 중 하나\n\n학생식당 위치: 임곡관 1층\n\n메뉴: 한식, 중식, 분식 등 다양\n가격: 대략 2500원~5000원",
  "동아리":"-동아리는 필수활동이 아님\n-원하는 동아리의 홍보 기간에 가입 가능: 학생포털 – 학생이력 – 동아리 리스트 확인 (학과공지)",
  "카페":"카페는 망고식스와 카페베네 각각 하나씩, 홍지관 1층과 생활관 1층(아이디어박스)에 있다. 맛은 보통.",
  "ATM":"ATM 은행 종류: 우리은행, 국민은행\n\nATM 위치: \n퇴계관 1층:국민은행 우리은행\n홍지관 1층:국민은행 우리은행\n수암관 1층:우리은행",
  "졸업학점":"졸업학점\n(2년제)\n10~11학번 - 80학점(전공54, 교양15)\n12~18학번 - 80학점(전공64, 교양12)\n[산업체위탁생 - 80학점(전공56, 교양8)]\n19학번~ - 72학점(전공51, 교양10)\n[산업체위탁생 - 72학점(전공51, 교양8)]\n추가이수점수 잘 생각해서 수강신청하라구!",
  "계절학기":"계절 학기 수강신청방법\n①대림대학교 홈페이지-②학생포털-③학생이력-④학생메뉴-⑤수강신청내역-⑥계절학기신청(학점당 4만5천원 / 감면,면제 x)",
  "휴학":"휴학신청하는법\n①대림대학교 홈페이지-②학생포털시스템-③학생이력-④학생메뉴-⑤휴학신청(변경,연장포함)-⑥지도교수휴학상담-⑦휴학원서작성승인-⑧휴학신청서작성-⑨구비서류 업로드(PDF파일)-⑩학부(과)장 승인-⑪휴학신청 접수\n\n휴학하는건 아쉽지만, 혹시 너는 무슨 휴학을 할 생각이니?(군휴학, 가사휴학(일반휴학),질병휴학)",
  "군대": "조심히 다녀와!! 좋은선임 만날거야 군휴학 관련해서 물어보려했다면 군휴학을 질문해줘!",
  "군휴학":"군휴학준비물\n①.휴학원서②.입영통지서 or 병적증명서(입영예정자)/산업체 기능요원 편성확인서(산업체기능요원)\n입영일로부터 전역일까지 날짜까지 입력해야하니 기억해두라구",
  "가사휴학":"가사휴학준비물\n①.휴학원서\n가사휴학은 최대 1년까지 가능해!",
  "질병휴학":"질병휴학준비물\n①.휴학원서②.4주 이상 진단서(한의원도 포함)\n질병휴학은 최대 1년까찌 가능해!",
  "복학":"복학방법\n(온라인)①대학홈페이지-②학생포털시스템-③로그인-④학생이력관리시스템-⑤학생-⑥학생메뉴-⑦복학신청\n(오프라인)①복학원서작성-②학부(과)에서 반 편성 및 전공(코스)배정-③원스톱지원실 복학원서 제출(복학신청)\n복학은 온,오프라인 둘다 해야하니까 주의하라구!",
  "자퇴":"자퇴방법\n①자퇴원서-②보호자 동의서 작성 및 도장날인 - ③지도교수 상담-학과(지도교수)의견 작성-④지도교수 및 학과장 친필서명-장학 수혜 사실 및 학자금 대출 유무 확인- ⑤자퇴원서 접수 - ⑥자퇴처리 및 등록금 환불(자퇴등록금 반환)\n\n떠나는건 아쉽지만 더 좋은일이 있기를",
  "자퇴등록금반납":"자퇴 등록금 반환 액수는\n①학기 개시일부터 30일까지 등록금의 6분의 5 해당액\n②학기 개시일에서 30일이 지난 날부터 60일까지 등록금의 3분의 2 해당액\n③학기 개시일에서 60일이 지난날부터 90일까지 등록금의 2분의 1 해당액\n④학기 개시일에서 90일이 지난 날로부터는 반환 하지 않음\n확인해서 착오 없길 바래!",
  "지도":"(주섬주섬)여기 대림대학교 지도 링크야!\nhttps://www.daelim.ac.kr/cms/FrCon/index.do?MENU_ID=470#none",
  "한림관":"한림관 정보\n1F : 스포츠지도과 / 체력단련실, 무도장, 에어로빅실, 학과사무실, 강의실\n2F : 스포츠지도과 / 교수연구실, 운동재활실, 운동처방실, 평생교육원 필라테스실, 3유형(사무실, 실습실), 매점\n3F : 실내체육관\n4F : 옥상",
  "홍지관":"홍지관 정보\nB1 : 대림 아트홀 하층\n1F : 대림 아트홀 상층 / 음향조정실 / 남, 여 분장실\n2F : 원스톱지원실 / 제증명 발급기 / 항공서비스과 / 실습실 / 대림 아트홀 갤러리(전시실) / 연습실 / CAFE BLUEPOT / 은행ATM기\n3F : 호텔관광과(학과사무실, 강의실, 실습실, 교수연구실) / 글로벌 잡 스테이션 / 취업지도실\n4F : 항공서비스과(학과사무실, 강의실, 실습실, 교수연구실) / 상담실 / 잉글리쉬 라운지\n5F : 언어치료과(학과사무실, 강의실, 교수연구실, 자료실) / 호텔관광과 강의실 / 유아교육과(모의유치원/ 수업행동분석실)\n6F : 유아교육과(학과사무실, 강의실, 실습실, 동아리실, 재료관리실, 교수연구실)",
  "정보통신관":"정보 통신관 정보\n1F : 스마트전자통신학부(강의실, 실습실, 시험실, 교수연구실, 동아리실) / 방송음향영상학부 실습실 / 신문방송국(방송반, 스튜디오, 조정실)\n2F : 방송음향영상학부(학과사무실, 교수연구실, 실습실, 스튜디오, 재료보관실)\n3F : 스마트전자통신학부(실습실, 설계실) / 디지털전자과(학과사무실, 교수연구실, 재료보관실)\n4F : 스마트전자통신학부 실험실 / 전자통신과(학과사무실, 교수연구실, 작업실, 재료보관실)",
  "퇴계관":"퇴계관 정보\n1F : 직업교육혁신센터 합동강의실 / 학보사 / 유지보수실 / 은행ATM기 / 스마트팩토리학부 실습실 / 전기과 전원EMC실습실 / 건축과 UTM실\n2F : 토목환경과(학과사무실, 강의실, 교수연구실, 실습실, 기자재보관실, 학생회실) / 휴게실\n3F : 산업경영과(학과사무실) / 경영학부(강의실, 실습실, 교수연구실) / 휴게실\n4F : 직업교육혁신센터 / 합동강의실 / 강사실 / 경영학부(학과사무실, 교수연구실, 실습실, 상담실) / 방송음향영상학부 실습실 / 잉글리쉬 라운지\n5F : 실내디자인학부(학과사무실, 실습실) / ACE스테이션 / 융복합비즈니스센터\n6F : 실내디자인학부(강의실, 교수연구실) / 건축학부(강의실, 실습실) / 휴게실\n7F : 건축학부(학과사무실, 강의실, 실습실, 교수연구실) / 실내디자인학부 교수연구실 / 휴게실",
  "율곡관":"율곡관 정보\n1F : 토목환경과 수리실험실 / 전기과 신재생에너지 / LINC+ ACE Factory / 창고\n2F : 국제교류원(어학강의실, 멀티미디어학실, 글로벌라운지)\n3F : 전기과(학과사무실, 강의실, 실습실, 교수연구실, 재료실)\n4F : 스마트팩토리학부(강의실, 실습실, 교수연구실) / 잉글리쉬 라운지\n5F : 스마트팩토리학부(학과사무실, 실습실, 동아리실)\n6F : 호텔조리제과학부(강의실, 실습실, 교수연구실, 탈의실, 창고)\n7F : 호텔조리제과학부(학과사무실, 실습실) / 보일러실",
  "대학본부관":"대학본부 정보\n1F : 교무처장실 / 입학처장실 / 직업교육혁신센터장실 / 교육행정팀 / 입학팀\n2F : 총장실 / 기획처장실 / 사무처장실 / 정책기획팀 / 사무운영팀 / 법인사무국\n3F : 산학협력지원센터 / 창의융합교육센터 / 산학협력단(사무실, 단장실, 부단장실) / 대회의실 / 소회의실 / INNO cafe\n4F : 정보전략운영팀 / 사회맞춤형 산학협력선도전문 LINC+사업단 / 혁신지원사업단",
  "생활관":"생활관 정보\nB1 : 건축설비소방과 / 강의실\n1F : CAFE BENE / 편의점 / 안경원 / 구내서점 / 샤워실\n2F : IDEA BOX(아이디어박스)",
  "다산관":"다산관 정보\n1F : 범용장비실습실 / 전기용접실 / 재료시험실 /  5충 가공 실습실 / Metal Printer실 / 3D프린팅 실습실 / 5축 포켓 CNC실 / CNC 선반실 / CNC 밀팅(MCT)실 / 3차원 측정실/ CAM실\n2F : 유체실험실 / 열실험실 / 유공압실 / 3D Printer실 \n5F : CAE실 / CAD실 / 기계과 행정반 ",
  "수암관":"수암관 정보\n1F : WCC홀 / 사회복지과(학과사무실, 강의실, 첨단강의실) / 호텔조리제과학부 실습실 / 휴게실 / 보존서고 / 은행ATM기\n2F :  비서사부행정학부(학과사무실, 강의실, 실습실, 글로벌어학실, 커뮤니케이션실, 잡매칭센터) / 사회복지과 실습실 / 직업교육혁신센터 합동강의실 / 교수연구실\n3F : 수암도서관 / Information Commons / 교수학습센터(사무실, 스튜디오) / 비서사무행정학부(첨단강의실, 교수연구실) / 교수연구실 / 휴게실\n4F : 수암도서관(종합자료실, 일반열람실) / 사회복지과(강의실, 실습실, 교수연구실) / 비서사무행정학부 교수연구실 / 교수연구실 / 창고\n5F : 도서관미디어정보과(학과사무실, 강의실, 실습실, 교수연구실, 세미나실) / 교수연구실 / 총동문회 / 창고 / 전원EMC관리실",
  "자동차관":"자동차관 정보\nB1 : 미래자동차학부 압축공기실\n1F : 미래자동차학부(정비실, 관리실, 공구실, 부품실) / 창고\n2F : 탈의실 / 샤워실\n3F : 미래자동차학부(강의실, 실습실, 전시관) / 옥외 휴게실\n4F : 미래자동차학부(학과사무실, 강의실, 실습실, 교수연구실) / 휴게실\n5F : 미래자동차학부(실습실, 교수연구실, 세미나실, 동아리실)\n6F : 미래자동차학부 강의실 / 평생교육원(강의실, 교강사휴게실) / 공용강의실 / 휴게실\n7F : 평생교육원(원장실, 강의실, 학적자료실, 기자재실) / 평생교육지원팀",
  "임곡관": "임곡관 정보\n1F : 공동훈련센터 / 컴퓨터실 / 회의실 / 학생통합상담센터 / 취업재료실 / 컴퓨터정보학부 실습실 / 노동조합\n2F : 취업처장 / 취업팀 / 기업연계센터 / 취·창업 상담실 / 장애학생지원센터 / 보건실 / 국제교류원장실 / 국제교류지원팀 / 합동강의실 / 컴퓨터정보학부 세미나실",
  "학생회관":"학생회관 정보\nB1 : 자동차과 / 강의실 /영선실\n1F : 학생식당 / 편의점\n2F : C.C.C / R.C.Y / 농구부 / 사진부 / 암실 / 창작곡연구회 / 통키호테 / 테니스부(D.T.C) / T.I.P Soul / B-eagle / 동아리연합회(밸런스바디 / 프리지아) / 음악연습실 / 다목적회의실\n3F : 총학생회 / ACE봉사단 / 축구부 / ACE콕(배드민턴부) / 볼링부\n4F : 대의원회 / 도담실 / 국제교류원 상담실\n5F : 학생복지팀 / 예비군대대",
  "전산관":"전산관 정보\nB1: 프로그래밍3실\n1F: 세미나실 / 보건실 / 진로상담실\n2F: 프로그래밍1실 / 프로그래밍2실 / 프로젝트1실 / 교수 연구실 / 합동강의실\n3F: 컴퓨터소프트웨어과 학과사무실 / 프로젝트 2실 / 프로젝트 3실 / 개발실\n4F: 모바일인터넷과 / 스마트 스테이션 / 강의실/ 교직원 식당\n5F: 모바일인터넷과 / 강의실 / 교수연구실",
  "학과일정":"두근두근 이번달의 학과일정\n--\u003ehttps://www.daelim.ac.kr/cms/FrCon/index.do?MENU_ID=930",
  "학과이름":"[공학계열]\n∴2년제: 기계과,\n∴3년제: 메카트로닉스과, 스마트자동화과, 반도체장비과, 산업경영과, 토목환경과, 전기과\n∴4년제[학사학위] : 건축공학과, 건축설비소방공학과, 메카트로닉스공학과, 디지털공학과, 모바일인터넷학과, 방송음향영상학과, 실내디자인학과, 자동차공학과, 전기공학과, 전자통신공학과, 토목환경공학과\n[인문계열]\n∴4년제[학사학위] : 경영학과, 문헌정보학과, 비서사무행정학과, 사회복지학과, 세무회계학화, 항공서비스학과\n[예체능계열]\n∴4년제[학사학위] : 스포츠지도과",
  "기계과": "기계과[3년제] [공학]\n∴학과 사무실 위치 : 다산관5층\n∴학과 행정번호 : 031)467-4808\n∴기계과 홈페이지 : https://dept.daelim.ac.kr/mac/index.do",
  "메카트로닉스": "메카트로닉스과[3,4년제][공학]\n∴학과 사무실 위치 : 율곡관 5층\n∴학과 행정 번호 : 031)467-4850\n∴스마트자동화과 홈페이지 : https://dept.daelim.ac.kr/ase/index.do",
  "메카트로닉스과": "메카트로닉스과[3,4년제][공학]\n∴학과 사무실 위치 : 율곡관 5층\n∴학과 행정 번호 : 031)467-4850\n∴스마트자동화과 홈페이지 : https://dept.daelim.ac.kr/ase/index.do",
  "스마트자동화과": "스마트자동화과[3,4년제][공학]\n∴학과 사무실 위치 : 율곡관 5층\n∴학과 행정 번호 : 031)467-4890\n∴스마트자동화과 홈페이지 : https://dept.daelim.ac.kr/ase/index.do",
  "스마트자동화": "스마트자동화과[3,4년제][공학]\n∴학과 사무실 위치 : 율곡관 5층\n∴학과 행정 번호 : 031)467-4890\n∴스마트자동화과 홈페이지 : https://dept.daelim.ac.kr/ase/index.do",
  "반도체장비과": "반도체장비과[3년제][공학]\n∴학과 사무실 위치 : 율곡관 5층\n∴학과 행정 번호 : 031)467-4850\n∴스마트자동화과 홈페이지 : https://dept.daelim.ac.kr/ase/index.do",
  "소방안전설비과": "소방안전설비과(건축설비소방과)[3,4년제][공학]\n∴학과 사무실 위치 : 다산관 4층\n∴학과 행정 번호 : 031)467-4828\n∴소방안전설비과 홈페이지 : https://dept.daelim.ac.kr/bst/index.do",
  "산업경영과" : "산업경영과[3년제][공학]\n∴학과 사무실 위치 : 퇴계관 4층\n∴학과 행정 번호 : 031)467-4949\n∴산업경영과 홈페이지 : https://dept.daelim.ac.kr/dim/index.do",
  "토목환경과": "토목환경과[3,4년제][공학]\n∴학과 사무실 위치 : 퇴계관 2층\n∴학과 행정 번호 : 031)467-4919\n∴토목환경과 홈페이지 : https://dept.daelim.ac.kr/cee/index.do",
  "토목과": "토목환경과[3,4년제][공학]\n∴학과 사무실 위치 : 퇴계관 2층\n∴학과 행정 번호 : 031)467-4919\n∴토목환경과 홈페이지 : https://dept.daelim.ac.kr/cee/index.do",
  "전기과": "전기과[3,4년제][공학]\n∴학과 사무실 위치 : 율곡관 3층\n∴학과 행정 번호 : 031)467-4737\n∴전기과 홈페이지 : https://dept.daelim.ac.kr/ete/index.do",
  "디전과": "디지털전자공학과[3,4년제][공학]\n∴학과 사무실 위치 : 정보통신관 3층\n∴학과 행정 번호 : 031)467-4739\n∴디지털전자과 홈페이지 : https://dept.daelim.ac.kr/dte/index.do",
  "디지털전자과": "디지털전자공학과[3,4년제][공학]\n∴학과 사무실 위치 : 정보통신관 3층\n∴학과 행정 번호 : 031)467-4739\n∴디지털전자과 홈페이지 : https://dept.daelim.ac.kr/dte/index.do",
  "디지털전자공학과": "디지털전자공학과[3,4년제][공학]\n∴학과 사무실 위치 : 정보통신관 3층\n∴학과 행정 번호 : 031)467-4739\n∴디지털전자과 홈페이지 : https://dept.daelim.ac.kr/dte/index.do",
  "전자통신과": "전자통신공학과[3,4년제][공학]\n∴학과 사무실 위치 : 정보통신관 4층\n∴학과 행정 번호 : 031)467-4907\n∴전자통신과 홈페이지 : https://dept.daelim.ac.kr/eco/index.do",
  "전자통신공학과": "전자통신공학과[3,4년제][공학]\n∴학과 사무실 위치 : 정보통신관 4층\n∴학과 행정 번호 : 031)467-4907\n∴전자통신과 홈페이지 : https://dept.daelim.ac.kr/eco/index.do",
  "방송음향기술과": "[3,4년제][공학]\n∴학과 사무실 위치 : 정보통신관 2층\n∴학과 행정 번호 : 031)467-4510, 4518\n∴방송음향기술전공과 홈페이지 : https://dept.daelim.ac.kr/bsm/index.do",
  "방송음향기술전공과": "[3,4년제][공학]\n∴학과 사무실 위치 : 정보통신관 2층\n∴학과 행정 번호 : 031)467-4510, 4518\n∴방송음향기술전공과 홈페이지 : https://dept.daelim.ac.kr/bsm/index.do",
  "영상디자인과": "영상디자인전공과[3년제][공학]\n∴학과 사무실 위치 : 정보통신관 2층\n∴학과 행정 번호 : 031)467-4510, 4518\n∴영상디자인전공과 홈페이지 : https://dept.daelim.ac.kr/mvd/index.do",
  "영디과": "영상디자인전공과[3년제][공학]\n∴학과 사무실 위치 : 정보통신관 2층\n∴학과 행정 번호 : 031)467-4510, 4518\n∴영상디자인전공과 홈페이지 : https://dept.daelim.ac.kr/mvd/index.do",
  "영상디자인전공과": "영상디자인전공과[3년제][공학]\n∴학과 사무실 위치 : 정보통신관 2층\n∴학과 행정 번호 : 031)467-4510, 4518\n∴영상디자인전공과 홈페이지 : https://dept.daelim.ac.kr/mvd/index.do",
  "컴퓨터소프트웨어과": "컴퓨터소프트웨어과[3년제][공학]\n∴학과 사무실 위치 : 전산관 3층\n∴학과 행정 번호 : 031)467-4429\n∴컴퓨터소프트웨어과 홈페이지 : https://dept.daelim.ac.kr/csw/index.do",
  "컴소과": "컴퓨터소프트웨어과[3년제][공학]\n∴학과 사무실 위치 : 전산관 3층\n∴학과 행정 번호 : 031)467-4429\n∴컴퓨터소프트웨어과 홈페이지 : https://dept.daelim.ac.kr/csw/index.do",
  "컴퓨터과": "컴퓨터소프트웨어과[3년제][공학]\n∴학과 사무실 위치 : 전산관 3층\n∴학과 행정 번호 : 031)467-4429\n∴컴퓨터소프트웨어과 홈페이지 : https://dept.daelim.ac.kr/csw/index.do",
  "스마트소프트웨어과": "스마트소프트웨어과[3,4년제][공학]\n∴학과 사무실 위치 : 전산관 5층\n∴학과 행정 번호 : 031)467-4889\n∴스마트소프트웨어과 홈페이지 : https://dept.daelim.ac.kr/mbi/index.do",
  "스마트과": "스마트소프트웨어과[3,4년제][공학]\n∴학과 사무실 위치 : 전산관 5층\n∴학과 행정 번호 : 031)467-4889\n∴스마트소프트웨어과 홈페이지 : https://dept.daelim.ac.kr/mbi/index.do",
  "의공융합과": "의공융합과[3년제][공학]\n∴학과 사무실 위치 : 다산관 3층\n∴학과 행정 번호 : 031)467-4750\n∴의공융합과 홈페이지 : https://dept.daelim.ac.kr/cbc/index.do",
  "의융과": "의공융합과[3년제][공학]\n∴학과 사무실 위치 : 다산관 3층\n∴학과 행정 번호 : 031)467-4750\n∴의공융합과 홈페이지 : https://dept.daelim.ac.kr/cbc/index.do",
  "사회복지과": "사회복지과[2,4년제][인문사회]\n∴학과 사무실 위치 : 수암관 1층\n∴학과 행정 번호 : 031)467-4540,4541\n∴사회복지과 홈페이지 : https://dept.daelim.ac.kr/swf/index.do",
  "사복과": "사회복지과[2,4년제][인문사회]\n∴학과 사무실 위치 : 수암관 1층\n∴학과 행정 번호 : 031)467-4540,4541\n∴사회복지과 홈페이지 : https://dept.daelim.ac.kr/swf/index.do",
  "경영지원과": "경영지원과[2,4년제][인문사회]\n∴학과 사무실 위치 : 퇴계관 4층\n∴학과 행정 번호 : 031)467-4674, 4999, 4572\n∴경영지원과 홈페이지 : https://dept.daelim.ac.kr/biz/index.do",
  "경영과": "경영지원과[2,4년제][인문사회]\n∴학과 사무실 위치 : 퇴계관 4층\n∴학과 행정 번호 : 031)467-4674, 4999, 4572\n∴경영지원과 홈페이지 : https://dept.daelim.ac.kr/biz/index.do",
  "세무회계과": "세무회계과[2,4년제][인문사회]\n∴학과 사무실 위치 : 퇴계관 4층\n∴학과 행정 번호 : 031)467-4674, 4999, 4572\n∴세무회계과 홈페이지 : https://dept.daelim.ac.kr/tax/index.do",
  "세무과": "세무회계과[2,4년제][인문사회]\n∴학과 사무실 위치 : 퇴계관 4층\n∴학과 행정 번호 : 031)467-4674, 4999, 4572\n∴세무회계과 홈페이지 : https://dept.daelim.ac.kr/tax/index.do",
  "도서관미디어정보과" : "도서관미디어정보과[3,4년제][인문사회]\n∴학과 사무실 위치 : 수암관 5층\n∴학과 행정 번호 : 031)467-4960, 4969\n∴도서관미디어정보과 홈페이지 : https://dept.daelim.ac.kr/lis/index.do",
  "문헌정보과" : "도서관미디어정보과[3,4년제][인문사회]\n∴학과 사무실 위치 : 수암관 5층\n∴학과 행정 번호 : 031)467-4960, 4969\n∴도서관미디어정보과 홈페이지 : https://dept.daelim.ac.kr/lis/index.do",
  "유아교육과": "유아교육과[3년제][인문사회]\n∴학과 사무실 위치 : 홍지관 6층\n∴학과 행정 번호 : 031)467-4658\n∴유아교육과 홈페이지 : https://dept.daelim.ac.kr/chi/index.do",
  "유교과": "유아교육과[3년제][인문사회]\n∴학과 사무실 위치 : 홍지관 6층\n∴학과 행정 번호 : 031)467-4658\n∴유아교육과 홈페이지 : https://dept.daelim.ac.kr/chi/index.do",
  "항공서비스과": "항공서비스과[2,4년제][인문사회]\n∴학과 사무실 위치 : 홍지관 4층\n∴학과 행정 번호 : 031)467-4951\n∴항공서비스과 홈페이지 : https://dept.daelim.ac.kr/air/index.do",
  "항공과": "항공서비스과[2,4년제][인문사회]\n∴학과 사무실 위치 : 홍지관 4층\n∴학과 행정 번호 : 031)467-4951\n∴항공서비스과 홈페이지 : https://dept.daelim.ac.kr/air/index.do",
  "호텔관광과": "호텔관광과[2년제][인문사회]\n∴학과 사무실 위치 : 홍지관 3층\n∴학과 행정 번호 : 031)467-4418\n∴호텔관광과 홈페이지 : https://dept.daelim.ac.kr/tou/index.do",
  "보건의료기기과": "보건의료기기과[3년제][자연과학]\n∴학과 사무실 위치 : 다산관 3층\n∴학과 행정 번호 : 031)467-4430\n∴보건의료기기과 홈페이지 : https://dept.daelim.ac.kr/cbe/index.do",
  "언어치료과": "언어치료과[3년제][자연과학]\n∴학과 사무실 위치 : 홍지관 5층\n∴학과 행정 번호 : 031)467-4401\n∴언어치료과 홈페이지 : https://dept.daelim.ac.kr/slh/index.do",
  "호텔조리과": "호텔조리과[2년제][자연과학]\n∴학과 사무실 위치 : 율곡관 6,7층\n∴학과 행정 번호 : 031)467-4787\n∴호텔조리과 홈페이지 : https://dept.daelim.ac.kr/cna/index.do",
  "호조과": "호텔조리과[2년제][자연과학]\n∴학과 사무실 위치 : 율곡관 6,7층\n∴학과 행정 번호 : 031)467-4787\n∴호텔조리과 홈페이지 : https://dept.daelim.ac.kr/cna/index.do",
  "제과제빵커피과": "제과제빵커피과[2년제][자연과학]\n∴학과 사무실 위치 : 율곡관 6,7층\n∴학과 행정 번호 : 031)467-4498\n∴제과제빵커피과 홈페이지 : https://dept.daelim.ac.kr/hfs/index.do",
  "스포츠지도과": "스포츠지도과[3,4년제][예체능]\n∴학과 사무실 위치 : 한림관 1층\n∴학과 행정 번호 : 031)467-4989\n∴스포츠지도과 홈페이지 : https://dept.daelim.ac.kr/csr/index.do",
  "스지과": "스포츠지도과[3,4년제][예체능]\n∴학과 사무실 위치 : 한림관 1층\n∴학과 행정 번호 : 031)467-4989\n∴스포츠지도과 홈페이지 : https://dept.daelim.ac.kr/csr/index.do",
  "건축학부": "건축학부[건축학과](공학)(3,4년제)\n∴학부 사무실 위치 : 퇴계관 7층\n∴학부 행정 번호 : 031)467-4737\n∴건축학부 홈페이지 : https://dept.daelim.ac.kr/aae/index.do",
  "건축과": "건축학부[건축학과](공학)(3,4년제)\n∴학부 사무실 위치 : 퇴계관 7층\n∴학부 행정 번호 : 031)467-4737\n∴건축학부 홈페이지 : https://dept.daelim.ac.kr/aae/index.do",
  "호텔조리학부": "호텔조리제과학부(자연과학)(2년제)\n∴학부 사무실 위치 : 율곡관 6층\n∴학부 행정 번호 : 031)467-4780\n∴호텔조리제과학부 홈페이지 : https://www.daelim.ac.kr/cms/FrCon/index.do?MENU_ID=1800",
  "호텔조리과": "호텔조리제과학부(자연과학)(2년제)\n∴학부 사무실 위치 : 율곡관 6층\n∴학부 행정 번호 : 031)467-4780\n∴호텔조리제과학부 홈페이지 : https://www.daelim.ac.kr/cms/FrCon/index.do?MENU_ID=1800",
  "호텔조리제과학부": "호텔조리제과학부(자연과학)(2년제)\n∴학부 사무실 위치 : 율곡관 6층\n∴학부 행정 번호 : 031)467-4780\n∴호텔조리제과학부 홈페이지 : https://www.daelim.ac.kr/cms/FrCon/index.do?MENU_ID=1800",
  "경영학부": "경영학부(인문사회계열)(2,4년제)\n∴학부 사무실 위치 : 퇴계관 4층\n∴학부 행정 번호 : 031)467-4572\n∴경영학부 홈페이지 : https://www.daelim.ac.kr/cms/FrCon/index.do?MENU_ID=1790",
  "경영학과": "경영학부(인문사회계열)(2,4년제)\n∴학부 사무실 위치 : 퇴계관 4층\n∴학부 행정 번호 : 031)467-4572\n∴경영학부 홈페이지 : https://www.daelim.ac.kr/cms/FrCon/index.do?MENU_ID=1790",
  "스마트팩토리학부": "스마트팩토리학부(공학)(3,4년제)\n∴학부 사무실 위치 : 율곡관 5층\n∴학부 행정 번호 : 031)467-4850\n∴스마트팩토리학부 홈페이지 : https://www.daelim.ac.kr/cms/FrCon/index.do?MENU_ID=1810",
  "미래자동차학부":"미래자동차학부(공학)(3,4년제)\n∴학부 사무실 위치 : 율곡관 5층\n∴학부 행정 번호 : 031)467-4840\n∴미래자동차학부 홈페이지 : https://dept.daelim.ac.kr/ame/index.do",
  "스마트전자통신학부": "스마트전자통신학부(공학)(3,4년제)\n∴학부 사무실 위치 : 정보통신관 4층\n∴학부 행정 번호 : 031)467-4739\n∴스마트전자통신학부 홈페이지 : https://www.daelim.ac.kr/cms/FrCon/index.do?MENU_ID=1830",
  "스전과": "스마트전자통신학부(공학)(3,4년제)\n∴학부 사무실 위치 : 정보통신관 4층\n∴학부 행정 번호 : 031)467-4739\n∴스마트전자통신학부 홈페이지 : https://www.daelim.ac.kr/cms/FrCon/index.do?MENU_ID=1830",
  "스마트전자통신학과": "스마트전자통신학부(공학)(3,4년제)\n∴학부 사무실 위치 : 정보통신관 4층\n∴학부 행정 번호 : 031)467-4739\n∴스마트전자통신학부 홈페이지 : https://www.daelim.ac.kr/cms/FrCon/index.do?MENU_ID=1830",
  "방송음향영상학부": "방송음향영상학부(공학)(3,4년제)\n∴학부 사무실 위치 : 정보통신관 2층\n∴학부 행정 번호 : 031)467-4518\n∴방송음향영상학부 홈페이지 : https://www.daelim.ac.kr/cms/FrCon/index.do?MENU_ID=1820",
  "방송음향영상학과": "방송음향영상학부(공학)(3,4년제)\n∴학부 사무실 위치 : 정보통신관 2층\n∴학부 행정 번호 : 031)467-4518\n∴방송음향영상학부 홈페이지 : https://www.daelim.ac.kr/cms/FrCon/index.do?MENU_ID=1820",
  "방음영": "[3,4년제][공학]\n∴학과 사무실 위치 : 정보통신관 2층\n∴학과 행정 번호 : 031)467-4510, 4518\n∴방송음향기술전공과 홈페이지 : https://dept.daelim.ac.kr/bsm/index.do",
  "컴퓨터정보학부": "컴퓨터정보학부(공학)(3,4년제)\n∴학부 사무실 위치 : 전산관 3층\n∴학부 행정 번호 : 031)467-4423\n∴컴퓨터정보학부 홈페이지 : https://www.daelim.ac.kr/cms/FrCon/index.do?MENU_ID=1850",
  "컴퓨터정보학과": "컴퓨터정보학부(공학)(3,4년제)\n∴학부 사무실 위치 : 전산관 3층\n∴학부 행정 번호 : 031)467-4423\n∴컴퓨터정보학부 홈페이지 : https://www.daelim.ac.kr/cms/FrCon/index.do?MENU_ID=1850",
  "컴정과": "컴퓨터정보학부(공학)(3,4년제)\n∴학부 사무실 위치 : 전산관 3층\n∴학부 행정 번호 : 031)467-4423\n∴컴퓨터정보학부 홈페이지 : https://www.daelim.ac.kr/cms/FrCon/index.do?MENU_ID=1850",
  "실내디자인학부": "실내디자인학부(공학)(3,4년제)\n∴학부 사무실 위치 : 퇴계관 3층\n∴학부 행정 번호 : 031)467-4939\n∴실내디자인학부 홈페이지 : http://dept.daelim.ac.kr/int/index.do",
  "실디과": "실내디자인학부(공학)(3,4년제)\n∴학부 사무실 위치 : 퇴계관 3층\n∴학부 행정 번호 : 031)467-4939\n∴실내디자인학부 홈페이지 : http://dept.daelim.ac.kr/int/index.do",
  "실내디자인과": "실내디자인학부(공학)(3,4년제)\n∴학부 사무실 위치 : 퇴계관 3층\n∴학부 행정 번호 : 031)467-4939\n∴실내디자인학부 홈페이지 : http://dept.daelim.ac.kr/int/index.do",
  "비서학부": "비서사무행정학부(인문사회)(3,4년제)\n∴학부 사무실 위치 : 수암관 2층\n∴학부 행정 번호 : 031)467-4979\n∴비서사무행정학부 홈페이지 : https://dept.daelim.ac.kr/sec/index.do",
  "비서학과": "비서사무행정학부(인문사회)(3,4년제)\n∴학부 사무실 위치 : 수암관 2층\n∴학부 행정 번호 : 031)467-4979\n∴비서사무행정학부 홈페이지 : https://dept.daelim.ac.kr/sec/index.do",
  "비서과": "비서사무행정학부(인문사회)(3,4년제)\n∴학부 사무실 위치 : 수암관 2층\n∴학부 행정 번호 : 031)467-4979\n∴비서사무행정학부 홈페이지 : https://dept.daelim.ac.kr/sec/index.do",
  "비서사무행정학부": "비서사무행정학부(인문사회)(3,4년제)\n∴학부 사무실 위치 : 수암관 2층\n∴학부 행정 번호 : 031)467-4979\n∴비서사무행정학부 홈페이지 : https://dept.daelim.ac.kr/sec/index.do",
  "학사학위": "학사학위 취득 가능과\n[공학]\n건축학과 : https://www.daelim.ac.kr/cms/FrCon/index.do?MENU_ID=1950\n디지털전자공학과 : https://www.daelim.ac.kr/cms/FrCon/index.do?MENU_ID=1970\n스마트소프트웨어과 : https://www.daelim.ac.kr/cms/FrCon/index.do?MENU_ID=2000\n실내디자인과 : https://www.daelim.ac.kr/cms/FrCon/index.do?MENU_ID=1990\n전기과 : https://www.daelim.ac.kr/cms/FrCon/index.do?MENU_ID=1960\n토목환경과 : https://www.daelim.ac.kr/cms/FrCon/index.do?MENU_ID=1940\n건축설비소방과 : https://www.daelim.ac.kr/cms/FrCon/index.do?MENU_ID=1920\n메카트로닉스과 : https://www.daelim.ac.kr/cms/FrCon/index.do?MENU_ID=2020\n방송음향영상학과 : https://www.daelim.ac.kr/cms/FrCon/index.do?MENU_ID=2010\n미래자동차과 : https://www.daelim.ac.kr/cms/FrCon/index.do?MENU_ID=1930\n정보무선통신과 : https://www.daelim.ac.kr/cms/FrCon/index.do?MENU_ID=1980\n\n[인문계열]\n경영지원과 : https://www.daelim.ac.kr/cms/FrCon/index.do?MENU_ID=2030\n도서관미디어정보과 : https://www.daelim.ac.kr/cms/FrCon/index.do?MENU_ID=2070\n비서사무행정학과 : https://www.daelim.ac.kr/cms/FrCon/index.do?MENU_ID=2080\n사회복지과 : https://www.daelim.ac.kr/cms/FrCon/index.do?MENU_ID=2050\n세무회계과 : https://www.daelim.ac.kr/cms/FrCon/index.do?MENU_ID=2040\n항공서비스학과 : https://www.daelim.ac.kr/cms/FrCon/index.do?MENU_ID=2060\n\n[예체능]\n스포츠지도과 : https://www.daelim.ac.kr/cms/FrCon/index.do?MENU_ID=2090",
  "학사": "학사학위 취득 가능과\n[공학]\n건축학과 : https://www.daelim.ac.kr/cms/FrCon/index.do?MENU_ID=1950\n디지털전자공학과 : https://www.daelim.ac.kr/cms/FrCon/index.do?MENU_ID=1970\n스마트소프트웨어과 : https://www.daelim.ac.kr/cms/FrCon/index.do?MENU_ID=2000\n실내디자인과 : https://www.daelim.ac.kr/cms/FrCon/index.do?MENU_ID=1990\n전기과 : https://www.daelim.ac.kr/cms/FrCon/index.do?MENU_ID=1960\n토목환경과 : https://www.daelim.ac.kr/cms/FrCon/index.do?MENU_ID=1940\n건축설비소방과 : https://www.daelim.ac.kr/cms/FrCon/index.do?MENU_ID=1920\n메카트로닉스과 : https://www.daelim.ac.kr/cms/FrCon/index.do?MENU_ID=2020\n방송음향영상학과 : https://www.daelim.ac.kr/cms/FrCon/index.do?MENU_ID=2010\n미래자동차과 : https://www.daelim.ac.kr/cms/FrCon/index.do?MENU_ID=1930\n정보무선통신과 : https://www.daelim.ac.kr/cms/FrCon/index.do?MENU_ID=1980\n\n[인문계열]\n경영지원과 : https://www.daelim.ac.kr/cms/FrCon/index.do?MENU_ID=2030\n도서관미디어정보과 : https://www.daelim.ac.kr/cms/FrCon/index.do?MENU_ID=2070\n비서사무행정학과 : https://www.daelim.ac.kr/cms/FrCon/index.do?MENU_ID=2080\n사회복지과 : https://www.daelim.ac.kr/cms/FrCon/index.do?MENU_ID=2050\n세무회계과 : https://www.daelim.ac.kr/cms/FrCon/index.do?MENU_ID=2040\n항공서비스학과 : https://www.daelim.ac.kr/cms/FrCon/index.do?MENU_ID=2060\n\n[예체능]\n스포츠지도과 : https://www.daelim.ac.kr/cms/FrCon/index.do?MENU_ID=2090",
  "코로나": "코로나 관련해서는 학교 지침을 기다릴수밖에 없어 ㅜㅜ ",
  "아이폰": "아이폰은 아직 연동이 안돼 아쉬운걸 ㅠㅠ",
  "주변편의시설" : "어... 주변이 재개발중이라 아무것도 없으니 배달을 시키렴..",
  "편의시설" : "어... 주변이 재개발중이라 아무것도 없으니 배달을 시키렴..",
  "주변시설" : "어... 주변이 재개발중이라 아무것도 없으니 배달을 시키렴..",
  "주변맛집" : "학교 주변에는 아무것도 없으니 가까이에 있는 안양역 1번가로 놀러가렴!",
  "맛집" : "학교 주변에는 아무것도 없으니 가까이에 있는 안양역 1번가로 놀러가렴!",
  "원스톱지원실": "원스톱지원실은 『홍지관 2층(1층같은 2층)』에 있어!\n혹시 문의사항이 있다면 아래에 전화번호를 적어둘테니 연락해줘\n∴휴학, 복학 : 031)467-4713\n∴성적, 수강 : 031)467-4714\n∴국가장학 : 031)467-4721\n∴국가근로, 교외장학 : 031)467-4722\n∴교내장학, 교내근로 : 031)467-4723",
  "편의점": "구내 편의점은 『생활관 1층』과 『학생회관 1층』에 있어!",
  "구내서점": "구내 서점은『생활관 1층』에 있어!",
  "서점": "구내 서점은『생활관 1층』에 있어!",
  "안경점": "안경점은 『생활관 1층』에 있어!",
  "스마트스테이션": "컴퓨터도 프린터도 사용가능한 스마트스테이션은 『전산관 1층』에 있어!",
  "스스": "컴퓨터도 프린터도 사용가능한 스마트스테이션은 『전산관 1층』에 있어!",
  "보건실": "보건실은 『임곡관 1층』에 있어, 보건실에는 되도록 안가길 빌게",
  "취업팀": "취업팀은 『임곡관 1층』에 있어, 연락처는 다음과같아.\n∴취업지원팀장 : 031)467-4521\n∴취업상담 : 031)467-4523\n∴취업관련사업 : 031)467-4524\n∴취업통계 : 031)467-4526\n∴BeACE(학생이력관리 시스템) : 031)467-4636\n∴진로취업상담1 : 031)467-4525\n∴진로취업상담2 : 031)467-4539",
  "취업": "취업팀은 『임곡관 1층』에 있어, 연락처는 다음과같아.\n∴취업지원팀장 : 031)467-4521\n∴취업상담 : 031)467-4523\n∴취업관련사업 : 031)467-4524\n∴취업통계 : 031)467-4526\n∴BeACE(학생이력관리 시스템) : 031)467-4636\n∴진로취업상담1 : 031)467-4525\n∴진로취업상담2 : 031)467-4539",
  "아이디어박스": "아이디어박스는 『생활관 2층』에 있어!",
  "에이스스테이션" : "에이스스테이션은 『퇴계관 5층』에 있어!\n도서관 홈페이지나 클리커(Clicker)앱에서 자리 예약이 가능해.\n혹시 문의하고싶다면 031)467-4615로 문의해!",
  "에스" : "에이스스테이션은 『퇴계관 5층』에 있어!\n도서관 홈페이지나 클리커(Clicker)앱에서 자리 예약이 가능해.\n혹시 문의하고싶다면 031)467-4615로 문의해!",
  "안녕": "방가방가 나는 머루다라고해!",
  "안녕하세요": "안녕하세오!!",
  "하이": "하이이이이잇!",
  "ㅎㅇ": "하이룽 만나서반가워 나이스츄~미츄~",
  "ㅋ": "뚀개지마!",
  "ㅋㅋ": "ㅋㅋㅋㅋㅋㅋㅋㅋㅋㅋㅋㅋㅋㅋㅋㅋㅋㅋㅋㅋㅋㅋㅋㅋㅋ 웃지마 정들어!",
  "ㅋㅋㅋ": "ㅋㅋㅋㅋㅋㅋㅋㅋㅋㅋㅋㅋㅎㅋㅋㅋㅎㅋㅋㅋㅋㅋㅋㅋㅋ 웃지마라!!",
  "빅스비": "나는 머루다인걸..?",
  "시리": "나는 머루다야 !!!!",
  "시리야": "내 이름을 다시 보고오렴",
  "머루다": "내 이름을 알고있다니 감동인걸 무슨일이야?",
}
